Obszar,Czynnik,Przykład,Instytut badawczy,źródło 1,żródło 2
Wynagrodzenia i benefity,Wynagrodzenia zasadnicze,"Wynagrodzenie zasadnicze jest jednym z kluczowych czynników wpływających na retencję pracowników. Badania Harvard University wykazały, że nawet niewielki wzrost stawki godzinowej (np. o 1 USD) może zwiększyć wskaźnik retencji o 2,8%, podczas gdy obniżka tej samej wielkości powoduje wzrost rotacji aż o 28%",Harvard University,https://www.linkedin.com/pulse/relationship-between-compensation-retention-tsgcorp-nladc/,
,,"Badanie przeprowadzone przez Harvard Business Review wykazało, że przejrzystość wynagrodzeń wzmacnia lojalność – firmy stosujące transparentność płac odnotowały nawet 21% wzrost retencji",Harvard Business Review,"https://blogs.psico-smart.com/blog-what-are-the-longterm-impacts-of-salary-transparency-on-employee-reten-189546#:~:text=Recent%20studies%20have%20increasingly,that%20organizations%20that%20openly",
,Premie i bonusy,"Studium przypadku wdrożenia innowacyjnych systemów premiowych (np. grywalizacja) w polskich firmach, które przyniosły wzrost zaangażowania o 50% i wzrost wydajności o 48%",United Insurance,https://www.humanresourcestoday.com/bonuses-and-incentives/case-study/,
,Benefity pozapłacowe,"Ponad 40% pracowników deklaruje, że ich lojalność wzrosłaby, gdyby mogli samodzielnie wybierać benefity",,"https://unitedinsurance.net/publications/5-critical-statistics-about-benefits-and-employee-retention/#:~:text=Over%2040%25%20of%20workers,to%20meet%20their%20individual",
,Nagrody rzeczowe,Programy oparte na nagrodach rzeczowych mogą zwiększyć wydajność pracowników nawet o 27% – taki wzrost odnotowano w meta-analizie programów konkurencyjnych nagród,,"https://bucketlistrewards.com/blog/stats-that-prove-why-investing-in-an-employee-rewards-recognition-program-is-a-no-brainer/#:~:text=A%20meta%2Danalysis%20of%20employee,employee%20performance.%20Just%20improving",
Wpływ i znaczenie pracy,Poczucie wpływu na otoczenie,"94% pracowników, którzy czują się docenieni i mają poczucie wpływu, deklaruje wysoką satysfakcję z pracy",,"https://nectarhr.com/blog/employee-recognition-statistics#:~:text=87%25%20Of%20The%20Employees,an%20important%20measure%20of",
,,"56% wzrostu produktywności notuje się, gdy cele pracowników są jasno powiązane z celami firmy",,"https://high5test.com/employee-motivation-statistics/#:~:text=%2D%2056%25%20increase%20in,communication%20and%20expectations%20boosts",
,,"Pracownicy, którzy czują, że ich praca ma sens i wpływ, są o 20% bardziej produktywni",,"https://www.hrcloud.com/blog/20-employee-engagement-statistics-you-need-to-know#:~:text=A%20study%20by%20the,for%20their%20work.%20Also%2C",
,Zgodność celów osobistych z organizacyjnymi,"Firmy o wysokim poziomie zgodności celów rozwijają się o 58% szybciej i są o 72% bardziej rentowne niż organizacje, w których cele są niespójne",,https://mirro.io/blog/organizational-goal-alignment/#:~:text=how%20to%20achieve%20goal%20alignment%20in%20performance,
,,Organizacje z wysoką klarownością i spójnością celów mają o 25% wyższy wskaźnik retencji pracowników,,https://blogs.vorecol.com/blog-the-relationship-between-goal-clarity-and-employee-retention-rates-182396,
,,"Firmy, które skutecznie wdrażają strategię zgodności celów, notują wzrost efektywności zespołów nawet o 60%, a indywidualna wydajność może wzrosnąć o 22%",,"https://www.skillcycle.com/blog/aligning-company-and-employee-goals-for-high-performance/#:~:text=When%20team%20members%27%20goals,to%2022%25%2C%20according%20to",
,,"Pracownicy, którzy rozumieją, jak ich praca wpływa na realizację celów firmy, są 3,5 razy bardziej zaangażowani",,https://mirro.io/blog/organizational-goal-alignment/#:~:text=how%20to%20achieve%20goal%20alignment%20in%20performance,
,Możliwość zgłaszania pomysłów,"Pracownicy, którzy otrzymują feedback na temat swoich pomysłów, są 4x bardziej zaangażowani",,"https://www.peoplebox.ai/blog/performance-management-statistics/#:~:text=Meaningful%20feedback%20boosts%20employee,past%20week%20are%20fully",
,,"Tylko 21% pracowników na świecie deklaruje wysoki poziom zaangażowania – systemy sugestii są jednym z narzędzi, które mogą ten wskaźnik poprawić",Gallup,"https://enterprisealumni.com/research/employee-engagement#:~:text=According%20to%20Gallup%2C%20only,higher%20profits%20than%20businesses","https://teambuilding.com/blog/employee-engagement-statistics#:~:text=1.%2015%25%20of%20employees,actively%20engaged%20in%20their"
Uznanie i docenianie,Pochwały ustne,"Aż 87% pracowników uważa, że uznanie (w tym pochwały ustne) ma istotny wpływ na ich satysfakcję z pracy",,"https://nectarhr.com/blog/employee-recognition-statistics#:~:text=6.%2087%25%20Of%20The,Recognition%20Impacts%20Their%20Job",
,,"Aż 71% pracowników deklaruje, że częstsze uznanie (w tym pochwały ustne) zmniejszyłoby ich skłonność do odejścia z organizacji",,"https://nectarhr.com/blog/employee-recognition-statistics#:~:text=5.%2071%25%20Of%20Employees,They%20Were%20Recognized%20More",
,,"aż 72% pracowników preferuje pochwały ustne jako formę uznania, wyżej niż np. certyfikaty czy nagrody pieniężne",WorldatWork,"https://www.selectsoftwarereviews.com/blog/employee-recognition-statistics#:~:text=A%20survey%20by%20WorldatWork,most%20popular%20forms%20of",
,,Brak regularnego uznania może prowadzić do różnicy w przychodach i produktywności na poziomie 10–20%,Gallup,"https://www.gallup.com/workplace/236951/praise-praising-employees.aspx#:~:text=Fewer%20than%20one%20in,seven%20days%2C%20as%20measured",
,,"Pracownicy, którzy czują się docenieni (w tym poprzez pochwały ustne), są nawet o 25% bardziej produktywni niż ci, którzy nie otrzymują takiego uznania",,"https://teamflect.com/blog/employee-engagement/employee-praise#:~:text=A%20study%20by%20the,than%20those%20who%20don%27t",
,Publiczne uznanie osiągnięć,"79% przedstawicieli pokolenia Z i millenialsów preferuje publiczne uznanie, podczas gdy wśród baby boomers ten odsetek wynosi 43%",,https://safetyjackpot.com/employee-recognition-statistics/,
,,"Uznanie peer-to-peer (współpracownicy dla współpracowników), często publiczne, jest o 35% skuteczniejsze w poprawie wyników finansowych firmy niż uznanie wyłącznie od przełożonych",,"https://safetyjackpot.com/employee-recognition-statistics/#:~:text=%2D%20Peer%2Dto%2Dpeer%20recognition%20is,results%20than%20manager%2Donly%20recognition",
,,"Publiczne uznanie zwiększa produktywność, wydajność i zaangażowanie o 14%",,"https://www.cooleaf.com/blog/20-employee-recognition-statistics-that-prove-the-power-of-appreciation#:~:text=Recognition%20increases%20employee%20engagement%2C,employee%20recognition%20stats%20found",
,,85% firm z programami publicznego uznania notuje wzrost zaangażowania zespołów,WorldatWork,"https://www.selectsoftwarereviews.com/blog/employee-recognition-statistics#:~:text=A%20survey%20by%20WorldatWork,engagement.%20In%20a%20study",
,,"Pracownicy, którzy spodziewają się publicznego uznania, są 2,7 razy bardziej zaangażowani w pracę",,"https://www.quantumworkplace.com/future-of-work/importance-of-employee-recognition#:~:text=In%20fact%2C%20our%20research,likely%20to%20be%20highly",
,,"84% pracowników deklaruje, że publiczne uznanie ma bezpośredni wpływ na ich motywację do pracy",,"https://www.mavenclinic.com/post/exploring-the-benefits-of-employee-recognition-programs-strategies-and-impacts#:~:text=A%20study%20by%20Nectar,that%20more%20than%20three%2Dquarters","https://www.hrcloud.com/blog/20-employee-engagement-statistics-you-need-to-know#:~:text=A%20study%20by%20the,for%20their%20work.%20Also%2C"
,Konstruktywny feedback,"Pracownicy otrzymujący regularny feedback są trzykrotnie bardziej zaangażowani niż ci, którzy go nie dostają",,"https://blogs.psico-smart.com/blog-the-impact-of-continuous-feedback-on-employee-performance-and-engagement-11328#:~:text=employees%20who%20receive%20regular,OfficeVibe%20found%20that%2065%25",
,,"92% osób uważa, że konstruktywna krytyka skutecznie poprawia wyniki pracy",,"https://www.oak.com/blog/employee-feedback-statistics/#:~:text=92%25%20of%20people%20believe,is%20effective%20at%20improving",
,,"Pracownicy, którzy otrzymują codzienny feedback, są 3,6 razy bardziej zmotywowani do osiągania ponadprzeciętnych rezultatów niż ci, którzy otrzymują feedback raz w roku",Gallup,"https://www.gallup.com/workplace/357764/fast-feedback-fuels-performance.aspx#:~:text=%2D%20Improves%20work%20performance%3A,provides%20daily%20%28vs.%20annual%29",
,,"Organizacje wdrażające regularny feedback notują wzrost produktywności o 12,5% i spadek rotacji o 29%",,"https://blogs.psico-smart.com/blog-the-impact-of-continuous-feedback-on-employee-performance-and-engagement-11328#:~:text=a%2012.5%25%20increase%20in,success%20of%20a%20company.",
,,"65% pracowników deklaruje, że chciałoby otrzymywać więcej feedbacku, co pokazuje silną potrzebę regularnej informacji zwrotnej",,"https://blogs.psico-smart.com/blog-the-impact-of-continuous-feedback-on-employee-performance-and-engagement-11328#:~:text=Moreover%2C%20a%20case%20study,annual%20performance%20reviews.%20Employees","https://www.oak.com/blog/employee-feedback-statistics/#:~:text=65%25%20of%20employees%20said,that%20they%20wanted%20more"
Technologia i narzędzia pracy,Nowoczesne narzędzia pracy,"72% firm, które szeroko wdrożyły AI, raportuje wyższą produktywność, a 59% pracowników korzystających z AI deklaruje większą satysfakcję z pracy",,"https://tech.co/news/impact-technology-workplace-report-2024#:~:text=high%20organizational%20productivity%2C%20compared,AI%20to%20a%20limited","https://tech.co/news/impact-technology-workplace-report-2024#:~:text=%2D%2059%25%20of%20people,AI%20have%20greater%20job"
,,Każdy 1 USD zainwestowany w narzędzia do współpracy przynosi średni zwrot 4 USD,,https://blogs.psico-smart.com/blog-how-can-businesses-measure-the-roi-of-implementing-productivity-analysis-tools-148164,
,Systemy IT wspierające pracę,"Wdrożenie narzędzi do współpracy i komunikacji (np. Microsoft 365, Teams, SharePoint) prowadzi do wzrostu produktywności nawet o 12,5% oraz poprawy efektywności zespołów",,"https://www.2tolead.com/insights/modernizing-the-digital-workplace-with-microsoft-365-case-study#:~:text=A%20large%20multinational%20non%2Dprofit,efficiency%20and%20productivity.%20The",
Środowisko Pracy i Kultura organizacyjna,Atmosfera w zespole,"Badania nad zaufaniem w zespołach wykazały, że wysoki poziom zaufania przekłada się na:
50% wyższy poziom produktywności,
76% większe zaangażowanie,
74% mniej stresu wśród pracowników. Zaufanie i otwarta komunikacja są kluczowe dla pozytywnej atmosfery zespołowej.",Harvard Business Review,Harvard Business Review,
,Wsparcie ze strony współpracowników,Wsparcie współpracowników może obniżyć rotację pracowników nawet o 25%,,"https://www.researchgate.net/publication/354484952_Co-Workers_Support_and_Job_Performance#:~:text=Findings/Results%3A%20The%20results%20of,of%20employees%20working%20in",
,,W badaniach międzynarodowych aż 70% pracowników wskazuje wsparcie zespołu jako kluczowy czynnik wpływający na ich satysfakcję z pracy,,"https://pmc.ncbi.nlm.nih.gov/articles/PMC10349332/#:~:text=Studies%20confirm%20its%20positive,performance”%20in%20Handbook%20of",
,Relacje z przełożonymi,"W organizacjach z wysoką jakością relacji przełożony-podwładny wskaźnik odejść jest nawet o 25% niższy niż w firmach, gdzie te relacje są słabe",,"https://www.2tolead.com/insights/modernizing-the-digital-workplace-with-microsoft-365-case-study#:~:text=A%20large%20multinational%20non%2Dprofit,efficiency%20and%20productivity.%20The",
,Zgodność z wartościami osobistymi,"McKinsey & Company podaje, że 70% pracowników, którzy silnie utożsamiają się z wartościami firmy, deklaruje wysoką satysfakcję z pracy, co bezpośrednio przekłada się na ich zaangażowanie i efektywność",,https://blogs.vorecol.com/blog-how-do-organizational-values-influence-employee-retention-and-satisfaction-86433,
,,"Organizacje, w których istnieje silna zgodność wartości, notują nawet o 50% niższą rotację pracowników. Pracownicy czujący się związani z misją i wartościami firmy są bardziej lojalni i rzadziej rozważają zmianę pracy",,https://blogs.vorecol.com/blog-how-do-organizational-values-influence-employee-retention-and-satisfaction-86433,
,,"Deloitte raportuje, że firmy z jasno określonymi i wdrożonymi wartościami mają o 30% wyższy poziom zaangażowania, co bezpośrednio przekłada się na niższą rotację",,https://blogs.vorecol.com/blog-how-do-organizational-values-influence-employee-retention-and-satisfaction-86433,
,Styl zarządzania przełożonych,"60% pracowników preferuje demokratyczny styl zarządzania, a w firmach takich jak Google satysfakcja pracowników sięga 86%",,https://blogs.vorecol.com/blog-the-hidden-impact-of-leadership-styles-on-job-satisfaction-and-organizational-climate-what-research-shows-204343,
,,Transformacyjni liderzy podnoszą poziom szczęścia pracowników – aż 60% osób deklaruje wyższą satysfakcję z pracy pod takim kierownictwem,,https://blogs.vorecol.com/blog-the-hidden-impact-of-leadership-styles-on-job-satisfaction-and-organizational-climate-what-research-shows-204343,
,,Organizacje z liderami o wysokiej inteligencji emocjonalnej notują o 30% wyższy poziom satysfakcji pracowników,,https://blogs.vorecol.com/blog-the-hidden-impact-of-leadership-styles-on-job-satisfaction-and-organizational-climate-what-research-shows-204343,
,Wizja i misja organizacji,firmy zorientowane na misję notują 30% wyższy poziom innowacyjności i 40% wyższą retencję pracowników,,"https://thetrainingassociates.com/role-purpose-employee-motivation/#:~:text=to%20lower%20turnover%20rates,40%25%20higher%20levels%20of",
,,"Badania wykazują, że skuteczna integracja misji z codzienną działalnością może zwiększyć efektywność organizacji nawet o 74%",,"https://www.internationalscholarsjournals.com/articles/impact-of-organizations-mission-an-encouraging-factor-for-overall-performance.pdf#:~:text=Results%20indicate%20highly%20positive,performance%20increases%20by%2074",
,Ergonomia miejsca pracy,Wprowadzenie biurek z regulacją wysokości i ergonomicznych krzeseł redukuje dolegliwości bólowe nawet o 54%,,https://www.work-fit.com/blog/5-studies-that-prove-the-benefits-of-ergonomics#:~:text=back%20and%20neck,
,Wartości organizacyjne,Firmy z silną kulturą opartą na wartościach mają o 40% wyższy wskaźnik retencji pracowników,,"https://www.coffeepals.com/blog/how-does-an-organizations-culture-influence-employee-behavior#:~:text=%2D%20Companies%20with%20a,more%20likely%20to%20retain",
,,"Pracownicy, których wartości są zgodne z wartościami firmy, są 4 razy bardziej skłonni do pełnego zaangażowania w pracę",,https://blogs.vorecol.com/blog-how-do-organizational-values-influence-employee-retention-and-satisfaction-86433,
,,Organizacje z jasno określonymi wartościami notują 30% wyższy poziom zaangażowania i 21% wyższe wyniki w badaniach satysfakcji,,https://blogs.vorecol.com/blog-how-do-organizational-values-influence-employee-retention-and-satisfaction-86433,https://blogs.vorecol.com/blog-how-do-organizational-values-influence-employee-retention-and-satisfaction-86433
,Bezpieczeństwo fizyczne,"Koszty związane z wypadkami stanowią 6–9% kosztów projektów, podczas gdy skuteczny program BHP to tylko 2,5% tych kosztów",,"https://elcosh.org/document/1452/d000505/improving-safety-can-save-you-money.html#:~:text=Workplace%20injuries%20account%20for,costs.%20The%20higher%20the",
,,Wdrożenie programów bezpieczeństwa pozwala ograniczyć koszty odszkodowań pracowniczych nawet o 26% w ciągu 4 lat po inspekcji BHP,,https://www.osha.gov/businesscase/benefits,
,Komfort psychiczny,"Badania wykazują, że w miejscach pracy o wysokim poziomie bezpieczeństwa psychologicznego produktywność wzrasta nawet o 50%. Pracownicy są bardziej zaangażowani, kreatywni i chętniej podejmują inicjatywy",,"https://www.ox.ac.uk/news/2019-10-24-happy-workers-are-13-more-productive#:~:text=An%20extensive%20study%20into,13%25%20more%20productive%20when",
,,"Komfort psychiczny zmniejsza rotację pracowników o 27% oraz absencję o 25%, co przekłada się na stabilność zespołów i niższe koszty rekrutacji",,https://www.linkedin.com/pulse/case-studies-successful-psychosocial-safety-1cl0c/,
,Identyfikacja z marką pracodawcy,Pracodawcy z silną marką są 3 razy bardziej skuteczni w pozyskiwaniu wysokiej jakości kandydatów niż firmy o słabym wizerunku,,"https://dsmn8.com/blog/employer-branding-statistics/#:~:text=%2D%20Companies%20that%20invest,to%20make%20quality%20hires.",
,,Czas zatrudnienia (time-to-hire) może być krótszy nawet o 50% w firmach z rozpoznawalną i pozytywną marką pracodawcy,,"https://vouchfor.com/blog/employer-brand-statistics#:~:text=%2D%20Employer%20branding%20can,up%20to%2050%25.Â%20Source%3AÂ",
,,"Firmy o słabej marce muszą płacić średnio o 10% wyższe wynagrodzenia, aby przyciągnąć kandydatów, co generuje dodatkowe koszty",,"https://www.smartdreamers.com/blog/5-employer-branding-statistics-to-know#:~:text=2.%20Companies%20with%20poor,branding%20pay%2010%25%20higher",
,,"69% kandydatów odrzuci ofertę pracy od firmy z negatywną reputacją, nawet jeśli są bezrobotni",,"https://dsmn8.com/blog/employer-branding-statistics/#:~:text=%2D%2069%25%20of%20candidates,if%20they%20were%20unemployed.",
,,92% osób rozważyłoby zmianę pracy na rzecz firmy z doskonałą reputacją,,"https://www.smartdreamers.com/blog/5-employer-branding-statistics-to-know#:~:text=1.%2092%25%20of%20candidates,company%20with%20an%20excellent",
,Innowacyjność w miejscu pracy,Wprowadzenie innowacyjnych praktyk może zwiększyć zaangażowanie pracowników o 20%,,https://lpsonline.sas.upenn.edu/features/science-happiness-work-how-positive-psychology-can-increase-productivity#:~:text=Positive%20psychology%20in%20the,
,,Pracownicy w innowacyjnych firmach są nawet o 13% bardziej produktywni ,,https://lpsonline.sas.upenn.edu/features/science-happiness-work-how-positive-psychology-can-increase-productivity#:~:text=Positive%20psychology%20in%20the,
,Polityka równości i inkluzywności,"83% millenialsów deklaruje wyższe zaangażowanie, gdy firma prowadzi inkluzywną politykę",,"https://bonusly.com/post/diversity-inclusion-statistics#:~:text=9.%2083%25%20of%20millennials,organization%20is%20inclusive.%20%28Deloitte%29Â",
,,Zespoły inkluzywne podejmują lepsze decyzje biznesowe w 87% przypadków i robią to dwukrotnie szybciej,,https://www.catalyst.org/insights/2020/why-diversity-and-inclusion-matter#:~:text=%2D%2059.1%25%20increase%20in%20creativity%2C%20innovation%2C%20and,
,,Różnorodne zespoły są o 35% bardziej produktywne i generują o 59% więcej innowacyjnych rozwiązań,,https://learning.linkedin.com/resources/learning-culture/diversity-workplace-statistics-dei-importance#:~:text=Inclusive%20teams%20are%20over%2035%25%20more,
,,Firmy z zarządami o zróżnicowanym składzie notują 27% wzrost produktywności w ciągu 3 lat ,,https://learning.linkedin.com/resources/learning-culture/diversity-workplace-statistics-dei-importance#:~:text=Inclusive%20teams%20are%20over%2035%25%20more,
,Działania CSR firmy,"93% pracowników uważa, że firmy powinny działać z misją i celem – CSR wzmacnia wizerunek firmy i przyciąga lojalnych klientów oraz partnerów",,https://www.nature.com/articles/s41599-025-04413-x,
,Poczucie sprawiedliwego traktowania,"Pracownicy, którzy czują, że zyski są dzielone sprawiedliwie, są o 28% bardziej skłonni do dodatkowego wysiłku i o 46% bardziej skłonni pozostać w firmie",,https://www.greatplacetowork.com/resources/blog/best-small-and-medium-workplace-fairness-leads-higher-levels-well-being-productivity#:~:text=fairly%2C%20they%20are%2028%25%20more,"https://www.greatplacetowork.com/resources/blog/best-small-and-medium-workplace-fairness-leads-higher-levels-well-being-productivity#:~:text=and%2046%25%20more%20likely,stay%20with%20their%20company"
Równowaga praca-życie,Elastyczne godziny pracy,Zmiana harmonogramu pracy zmniejsza ryzyko stresu o 20%,,"https://pmc.ncbi.nlm.nih.gov/articles/PMC8004082/#:~:text=Changing%20one%27s%20schedule%20decreased,by%2062%25.%20This%20study",
,,13% wzrost produktywności wśród pracowników zdalnych i elastycznych,,"https://plansource.com/resources/blogs/the-benefits-of-offering-flexible-work-arrangements/#:~:text=A%20study%20by%20Stanford,than%20their%20office%2Dbased%20counterparts.",
,,70% pracowników z elastycznym grafikiem deklaruje wyższą satysfakcję z pracy,,"https://ijrpr.com/uploads/V6ISSUE5/IJRPR46840.pdf#:~:text=Gallup%20%282019%29%20found%20that,flexibility%20also%20associated%20with",
,Możliwość pracy zdalnej,"Praca zdalna może prowadzić do poczucia izolacji, samotności i trudności w „odłączeniu się” od pracy – 27% pracowników zdalnych ma problem z wyznaczeniem granic między pracą a życiem prywatnym. Częściej pojawiają się także symptomy wypalenia, lęku i depresji.",,"https://blogs.psico-smart.com/blog-how-does-remote-work-impact-employee-mental-health-and-performance-and-what-can-organizations-do-to-help-148006#:~:text=remote%20workers%20struggle%20with,Gallup%20report%2C%20which%20found","https://www.vantagefit.io/en/blog/mental-health-of-remote-workers/#:~:text=Loneliness%20and%20Isolation%3A%20The,isolation%2C%20negatively%20impacting%20mental"
,,"73% pracowników zdalnych zgłasza niższy poziom stresu niż w pracy stacjonarnej. 93% profesjonalistów uważa, że praca zdalna pozytywnie wpłynęła na ich zdrowie psychiczne.",,"https://www.vantagefit.io/en/blog/mental-health-of-remote-workers/#:~:text=Impact%20of%20Remote%20Work,Health%3A%206%20Strategies%20to","https://www.uscareerinstitute.edu/blog/50-eye-opening-remote-work-statistics-for-2024#:~:text=Remote%20work%20can%20have,employee’s%20mental%20and%20physical"
,Wsparcie work-life balance,Work-life balance obniża poziom stresu o 20–30% i zmniejsza absencję nawet o 75%,,"https://www.scirp.org/journal/paperinformation?paperid=138637#:~:text=The%20findings%20suggest%20that,to%20improved%20job%20satisfaction%2C","https://pmc.ncbi.nlm.nih.gov/articles/PMC6832080/#:~:text=Research%20shows%20that%20employees,optimal%20performance%20in%20the"
,Programy wsparcia pracowniczego,"Dostęp do wsparcia przekłada się na 24,2% wzrost satysfakcji z życia i 10% spadek poziomu stresu w pracy",,"https://www.compeap.com/eaps-help-employees-improve-work-performance-new-study-demonstrates-impact-productivity/#:~:text=study%20extend%20to%20both,work%20and%20life%20issues",
,,"Użytkownicy programów wsparcia pracowniczego notują 69,2% spadek absencji i 22,8% spadek prezenteizmu (obecność w pracy przy niskiej efektywności)",,"https://www.compeap.com/eaps-help-employees-improve-work-performance-new-study-demonstrates-impact-productivity/#:~:text=study%20extend%20to%20both,work%20and%20life%20issues",
Rozwój zawodowy i kariera,Stabilność zatrudnienia,Pracownicy z poczuciem stabilności są o 61% mniej narażeni na wypalenie i o 48% rzadziej doświadczają codziennego stresu,,https://www.gallup.com/workplace/215924/well-being.aspx#:~:text=48%25%20higher%20likelihood%20of%20daily,
,Jasność ścieżki kariery,63% osób odchodzących z pracy wskazuje brak perspektyw rozwoju jako główny powód,,https://www.talentguard.com/blog/career-pathing-the-importance-of-a-career-development-framework,
,,50% wyższe zaangażowanie w organizacjach z formalnymi programami rozwoju,,https://hrbrain.ai/blog/career-development-and-employee-engagement-key-strategies/,
,,76% pracowników deklaruje większą lojalność wobec firm oferujących rozwój,,"https://www.greatplacetowork.com/resources/blog/what-is-career-pathing-a-framework-for-developing-employee-growth#:~:text=A%20career%20roadmap%20provides,likely%20to%20stay%20with",
,Szkolenia i kursy,"Ponad 90% pracowników uważa, że odpowiednie szkolenia pozytywnie wpływają na ich zaangażowanie",,"https://www.devlinpeck.com/content/employee-training-statistics#:~:text=This%20same%20survey%20found,company%20that%20offers%20continuous",
,,Szkolenia prowadzą do wzrostu produktywności o 20–37% w organizacji,,"https://buildempire.co.uk/employee-training-statistics/#:~:text=%2D%20Companies%20that%20offer,than%20those%20without%20formalised","https://www.verifyed.io/blog/corporate-training-programs#:~:text=218%25%20higher%20income%20per,to%20those%20without%20such"
,,Firmy oferujące kompleksowe programy szkoleniowe mają o 218% wyższy dochód na pracownika niż te bez formalnych szkoleń,,"https://buildempire.co.uk/employee-training-statistics/#:~:text=%2D%20Companies%20that%20offer,than%20those%20without%20formalised","https://www.verifyed.io/blog/corporate-training-programs#:~:text=218%25%20higher%20income%20per,to%20those%20without%20such"
,Mentoring i coaching,"Executive coaching przynosi ROI na poziomie 788%, a 86% firm deklaruje pełny zwrot z inwestycji w coaching",,"https://luisazhou.com/blog/coaching-statistics/#:~:text=%2D%2086%25%20of%20companies,of%2050x%20the%20investment.",
,,"98% firm z listy Fortune 500 wdrożyło programy mentoringowe, a 100% z top 50 – firmy te osiągają ponad dwukrotnie wyższe zyski niż te bez mentoringu",,"https://www.mentorcliq.com/blog/mentoring-stats#:~:text=%2D%2098%25%20of%20ALL,500%20companies%20have%20mentoring",
,,"90% pracowników z mentorem deklaruje zadowolenie z pracy, a 94% osób chętniej zostaje w firmie oferującej rozwój i mentoring",,"https://www.togetherplatform.com/blog/statistics-on-mentorship#:~:text=%2D%2090%20percent%20of,mentors%20are%20happy%20at","https://www.mentorcliq.com/blog/mentoring-stats#:~:text=%2D%20Employees%20who%20are,their%20mentoring%20relationship%20was"
,Możliwości awansu,Organizacje z silną kulturą rozwoju i awansów są o 17% bardziej rentowne niż konkurenci,,"https://blog.clearcompany.com/27-surprising-employee-development-statistics-you-dont-know#:~:text=6.%20Companies%20that%20invested,a%2058%25%20increase%20in",
,,"86% pracowników byłoby skłonnych zmienić pracę na taką, która oferuje większe możliwości rozwoju i awansu",,"https://blog.clearcompany.com/27-surprising-employee-development-statistics-you-dont-know#:~:text=2.%2086%25%20of%20employees,with%20more%20chances%20to",
,,41% pracowników uznaje możliwości awansu za bardzo ważny czynnik satysfakcji z pracy,,"https://www.lorman.com/blog/post/39-statistics-that-prove-the-value-of-employee-training?srsltid=AfmBOoo5qgvsp-MmTPBEwDpR39PE6-WhRQCSy_Lm0jxfIU6f6tY18AhA#:~:text=41%25%20of%20employees%20consider,satisfaction.%2076%25%20of%20millennials",
,Programy rozwojowe,"74% pracowników uważa, że brak możliwości rozwoju ogranicza ich potencjał",,"https://blog.clearcompany.com/27-surprising-employee-development-statistics-you-dont-know#:~:text=7.%2074%25%20of%20workers,from%20reaching%20their%20full",
,,Organizacje z kulturą rozwoju są o 92% bardziej innowacyjne i 56% częściej jako pierwsze wprowadzają nowe produkty/usługi,,"https://blog.clearcompany.com/27-surprising-employee-development-statistics-you-dont-know#:~:text=25.%2056%25%20more%20likely,their%20products%20and%20services%2C",
,Rotacja stanowisk,"95% pracowników uważa, że rotacja stanowisk zaspokaja potrzebę nowych wyzwań",,"https://wowledge.com/blog/job-rotation-impacts-development-retention-and-well-being#:~:text=Other%20research%20found%20that,jobs%20or%20projects%2C%2090%25",
,,"90% pracowników odczuwa stagnację w pracy – rotacja stanowisk pozwala temu przeciwdziałać, oferując nowe wyzwania i możliwości rozwoju",,"https://wowledge.com/blog/job-rotation-impacts-development-retention-and-well-being#:~:text=The%20primary%20reasons%20or,use%20of%20managerial%2Dlevel%20talent%2C",
,Możliwość uczestnictwa w projektach,53% pracowników Gen Z wskazuje możliwość uczestnictwa w projektach i rozwoju jako kluczowy czynnik wyboru pracodawcy,,https://www.deel.com/blog/employee-development-statistics/,
,Regularne oceny pracownicze,"Regularne oceny umożliwiają bieżące korygowanie działań, identyfikację mocnych i słabych stron oraz planowanie rozwoju. Pracownicy, którzy otrzymują regularny feedback, są 3,6 razy bardziej zmotywowani niż ci, którzy otrzymują ocenę raz w roku",,"https://bonusly.com/post/performance-management-stats-you-need-to-know#:~:text=This%20Gallup%20research%20compares,19%25%20of%20those%20who",
,,"Tylko 14% pracowników czuje się zainspirowanych do poprawy po tradycyjnych ocenach rocznych, a 65% uważa je za nieadekwatne do ich pracy",,"https://peoplemanagingpeople.com/performance-management/performance-management-statistics/#:~:text=%2D%2065%25%20of%20employees,are%20irrelevant%20to%20their",
,,43% wysoko zaangażowanych pracowników otrzymuje feedback co najmniej raz w tygodniu,,"https://blog.clearcompany.com/mind-blowing-statistics-performance-reviews-employee-engagement#:~:text=%2D%2043%25%20of%20highly,at%20least%20once%20a",
Perspektywy i stabilność organizacji,Kondycja finansowa firmy," Przejrzystość finansowa i otwarta komunikacja na temat kondycji firmy budują zaufanie i motywację pracowników. Pracownicy, którzy ufają swojemu pracodawcy, są o 79% bardziej zmotywowani i rzadziej odchodzą z firmy",,"https://www.greatgame.com/blog/10-reasons-why-transparency-is-powerful-for-your-employees#:~:text=%2D%20Workers%20who%20trust,%28and%20less%20likely%20to",
,,"stnieje silna korelacja między dobrą kondycją finansową firmy a niższą rotacją pracowników. Firmy z lepszymi wynikami finansowymi są w stanie inwestować w rozwój, benefity i programy wsparcia, co przekłada się na wyższą retencję",,"https://www.researchgate.net/publication/337992108_Employee_Turnover_and_Firm_Performance_Large-Sample_Archival_Evidence#:~:text=We%20find%20that%20turnover,on%20assets%20and%20sales",
,Perspektywy rozwoju organizacji,Organizacje z silną kulturą uczenia się mają dwukrotnie wyższą retencję (57%) niż firmy o umiarkowanej kulturze rozwoju (27%),,"https://www.deel.com/blog/employee-development-statistics/#:~:text=And%20it%20works%2C%20too.,culture%20observed%20a%2057%25",
,,Organizacje inwestujące w rozwój notują 17% wyższą produktywność i 21% wyższą rentowność,,"https://www.hrcloud.com/blog/20-employee-engagement-statistics-you-need-to-know#:~:text=Reference%20the%20Gallup%20stat%3A,are%20the%20signs%20of",
,Wizerunek pracodawcy na rynku,"11,6% wyższy zwrot dla akcjonariuszy w firmach z silnym employer brandingiem",,"https://dsmn8.com/blog/employer-branding-statistics/#:~:text=%2D%20Companies%20with%20better,increase%20in%20shareholder%20returns.",
,,88% kandydatów bierze pod uwagę wizerunek pracodawcy przy wyborze pracy ,,"https://vouchfor.com/blog/employer-brand-statistics#:~:text=%2D%2088%25%20of%20job,for%20a%20job.Â%20Source%3AÂ",
,,2x więcej aplikacji na jedno ogłoszenie w firmach z silnym employer brandingiem,,"https://www.jobylon.com/blog/employer-branding-statistics-2023#:~:text=%233%3A%20Companies%20with%20positive,companies%20with%20negative%20employer",
,,64% konsumentów wybiera lub unika marek w zależności od traktowania pracowników,,"https://info.recruitics.com/blog/why-employer-branding-is-key-to-long-term-revenue-growth#:~:text=Recent%20statistics%20from%20the,is%20doing%20the%20right",
Obciążenie pracą i stres,Ilość pracy,"52% pracowników często odczuwa wyczerpanie, a 49% stres z powodu ilości pracy",,https://www.deloitte.com/us/en/insights/topics/talent/workplace-well-being-research.html,
,,60% pracowników i 75% menedżerów rozważa zmianę pracy na lepiej wspierającą dobrostan,,https://www.deloitte.com/us/en/insights/topics/talent/workplace-well-being-research.html,
,,Wysoka ilość pracy jest jednym z trzech głównych czynników wypalenia zawodowego,,"https://www.sciencedirect.com/science/article/abs/pii/S107881742400350X#:~:text=Workload%2C%20under%2Dappreciated%20work%2C%20and,numbers%2C%20workload%20and%20poor",
,Złożoność zadań,"38% pracowników deklaruje, że złożone zadania zwiększają ich satysfakcję z pracy",,"https://www.emerald.com/insight/content/doi/10.1108/heswbl-01-2023-0004/full/html#:~:text=The%20path%20coefficient%20value,at%20t%2Dstatistic%204.63%20%3E",
,,"Wśród millenialsów wykazano istotny pozytywny związek między złożonością zadań a satysfakcją zawodową (współczynnik ścieżki 0,38)",,"https://www.emerald.com/insight/content/doi/10.1108/heswbl-01-2023-0004/full/html#:~:text=The%20path%20coefficient%20value,at%20t%2Dstatistic%204.63%20%3E",
,Presja czasu ,"Wysoka presja czasu prowadzi do wzrostu absencji, błędów i spadku produktywności",,"https://www.researchgate.net/publication/351109688_Time_Pressure_and_Health-Related_Loss_of_Productivity_in_University_Students_The_Mediating_Role_of_Exhaustion#:~:text=Results%3A%20In%20line%20with,of%20productivity%20in%20the",
,Wyczerpanie emocjonalne,"W USA 67% pracowników uważa, że wypalenie nasiliło się od 2020 roku, głównie przez zatarcie granic między pracą a życiem prywatnym",,"https://www.canadasafetytraining.com/Safety_Blog/employee-burnout-statistics.aspx#:~:text=A%202023%20Indeed%20survey,between%20work%20and%20personal",
,,"W Wielkiej Brytanii 79% pracowników doświadcza wypalenia, a 35% określa je jako wysokie lub ekstremalne",,"https://www.spill.chat/mental-health-statistics/workplace-burnout-statistics#:~:text=%2D%20At%20least%2079%25,high%20levels%20of%20burnout.",
,,"44% pracowników na świecie deklaruje, że dzień przed badaniem odczuwało silny stres – poziom ten utrzymuje się od kilku lat i jest wyższy niż dekadę temu",,"https://www.runn.io/blog/burnout-statistics#:~:text=of%20respondents%20said%20they,reported%20experiencing%20a%20lot",
,Depersonalizacja,"Depersonalizacja prowadzi do spadku produktywności, absencji, błędów, konfliktów i wzrostu rotacji",,"https://mecp.springeropen.com/articles/10.1186/s43045-025-00519-9#:~:text=This%20study%20aims%20to,during%20the%20war%20that",
,,"Około 2% populacji doświadcza przewlekłej depersonalizacji, ale epizodyczne objawy występują nawet u połowy dorosłych przynajmniej raz w życiu",,"https://www.therecoveryvillage.com/mental-health/depersonalization-derealization-disorder/depersonalization-disorder-statistics/#:~:text=or%20in%20social%20situations.,currently%20not%20well%20understood.",
,Obniżone poczucie dokonań osobistych,Pracownicy z obniżonym poczuciem dokonań są 74% bardziej skłonni do poszukiwania nowej pracy,,"https://www.gallup.com/workplace/313160/preventing-and-dealing-with-employee-burnout.aspx#:~:text=The%20most%20immediate%20way,most%20relevant%20to%20the",
,Zarządzanie stresem w organizacji,"Kobiety doświadczają stresu zawodowego o 25% częściej niż mężczyźni, a matki pracujące są o 40% bardziej zestresowane niż kobiety bez dzieci",,"https://www.spill.chat/mental-health-statistics/workplace-stress-statistics#:~:text=%2D%20Working%20mothers%20are,than%20people%20without%20children.",
,,"17 milionów dni roboczych rocznie jest traconych globalnie z powodu stresu, depresji i lęku – to ponad połowa wszystkich przypadków chorób zawodowych",,"https://www.spill.chat/mental-health-statistics/workplace-stress-statistics#:~:text=%2D%20Around%2017%20million,of%20all%20work%2Drelated%20ill",
,,"Stres zawodowy odpowiada za 120 000 zgonów rocznie w USA i generuje koszty rzędu 300 miliardów dolarów rocznie (absencje, spadek produktywności, rotacja)",,https://www.osha.gov/workplace-stress,
,,6 na 10 pracowników w największych gospodarkach świata doświadcza wzrostu poziomu stresu w pracy,,"https://www.spill.chat/mental-health-statistics/workplace-stress-statistics#:~:text=%2D%206%20in%2010,experiencing%20increased%20workplace%20stress.",
Komunikacja i przepływ informacji,Transparentność procesów, Transparentność procesów przekłada się na 25% wzrost zaangażowania i 30% wzrost produktywności pracowników,,https://blogs.vorecol.com/blog-the-role-of-transparency-in-performance-management-systems-and-its-impact-on-organizational-trust-185515,
,Dostęp do informacji,"52% wzrost produktywności – firmy wdrażające zintegrowane systemy komunikacji notują średnio taki wzrost efektywności pracy, co przekłada się na 25% wyższy zysk operacyjny",,"https://www.formstack.com/blog/workplace-productivity-statistics#:~:text=Businesses%20that%20adopt%20a,operating%20profit%2C%20according%20to",
,,Pracownicy spędzają średnio 5 godzin tygodniowo czekając na kontakt z osobami posiadającymi potrzebną wiedzę – lepszy dostęp do informacji znacząco skraca ten czas,,"https://www.formstack.com/blog/workplace-productivity-statistics#:~:text=Employees%20in%20a%20survey,the%20unique%20knowledge%20they",
,,"67% pracowników uważa, że łatwiejszy dostęp do informacji z różnych aplikacji w jednym miejscu poprawiłby ich koncentrację i efektywność",,"https://www.formstack.com/blog/workplace-productivity-statistics#:~:text=67%25%20of%20survey%20respondents,appeared%20in%20a%20single",
,Kanały komunikacji wewnętrznej,"58% pracowników zdalnych czuje presję bycia „zawsze dostępnym”, a lęk przed pominięciem ważnych informacji (FoMO) dodatkowo zwiększa ryzyko wypalenia",,"https://www.brosix.com/blog/digital-communication-overload/#:~:text=%2D%20Remote%20and%20hybrid,to%20always%20be%20on",https://www.reworked.co/digital-workplace/information-overload-is-bad-for-your-health-heres-what-you-can-do/
,,Pracownicy w firmach z efektywną komunikacją są o 147% bardziej zaangażowani i produktywni niż w organizacjach z niską jakością komunikacji,,"https://blogs.psico-smart.com/blog-measuring-the-impact-of-internal-communication-on-employee-engagement-11384#:~:text=a%20study%20conducted%20by,benefits%20that%20effective%20internal",
,,"Słaba komunikacja prowadzi do spadku produktywności nawet o 40%, wydłużenia realizacji projektów o 37% i wzrostu kosztów o 32%",,"https://cerkl.com/blog/why-internal-communication-is-important/#:~:text=The%20crux%20is%20that,timelines%2C%20and%2032%25%20increased",
,Jasność oczekiwań," Jasność oczekiwań zwiększa satysfakcję z pracy nawet 12-krotnie i przekłada się na 4,5-krotnie wyższą retencję",,"https://www.2tolead.com/insights/modernizing-the-digital-workplace-with-microsoft-365-case-study#:~:text=A%20large%20multinational%20non%2Dprofit,efficiency%20and%20productivity.%20The",
Autonomia i podejmowanie decyzji,Możliwość podejmowania decyzji,"Organizacje z wysokim poziomem autonomii notują 21% wyższy zysk i nawet 40% niższy poziom wypalenia zawodowego 
. Pracownicy z większą autonomią deklarują wyższą satysfakcję i lojalność wobec pracodawcy 
.",,https://blogs.vorecol.com/blog-autonomy-at-work-a-key-factor-in-employee-engagement-and-satisfaction-184832,https://www.linkedin.com/pulse/role-autonomy-employee-satisfaction-vantage-circle-i9qwc/
,Swoboda w wykonywaniu zadań,"woboda w wykonywaniu zadań sprzyja kreatywności i powstawaniu innowacyjnych rozwiązań – przykładem jest polityka „20% czasu” w Google, która zaowocowała powstaniem Gmaila i Google Maps",,"https://www.culturemonkey.io/employee-engagement/employee-autonomy-at-work/#:~:text=%2D%20Boosted%20creativity%3A%20Autonomy,of%20innovation%20within%20the",
,Udział w podejmowaniu decyzji,"Pracownicy uczestniczący w podejmowaniu decyzji są bardziej zaangażowani, lojalni i rzadziej odchodzą z firmy – rotacja w takich organizacjach jest nawet o 87% niższa ",,"https://peoplethriver.com/what-is-the-link-between-employee-engagement-and-business-performance/#:~:text=Because%20engaged%20employees%20are,high%20engagement%20can%20reduce",
,Konsultacje z pracownikami," Organizacje, które regularnie konsultują się z pracownikami, notują wyższy poziom zaangażowania (ponad 70% w najlepszych firmach wg Gallupa) oraz lepsze wyniki operacyjne",,https://papers.ssrn.com/sol3/papers.cfm?abstract_id=4627904,
,,"Konsultacje zwiększają satysfakcję z pracy, morale i lojalność wobec firmy, co przekłada się na niższą rotację (nawet o 11% niższa rotacja w firmach oferujących szerokie możliwości konsultacji i wsparcia)",,https://papers.ssrn.com/sol3/papers.cfm?abstract_id=4627904,